id;name;description
1;intent;../fake-data/blob/hipster.txt
2;appreciate carefree whenever;../fake-data/blob/hipster.txt
3;coordination;../fake-data/blob/hipster.txt
4;ah;../fake-data/blob/hipster.txt
5;oof and now;../fake-data/blob/hipster.txt
6;since;../fake-data/blob/hipster.txt
7;brr;../fake-data/blob/hipster.txt
8;till likewise conversation;../fake-data/blob/hipster.txt
9;ha grade lest;../fake-data/blob/hipster.txt
10;an inasmuch;../fake-data/blob/hipster.txt
11;though;../fake-data/blob/hipster.txt
12;forenenst clamour swing;../fake-data/blob/hipster.txt
13;secularize boss;../fake-data/blob/hipster.txt
14;whoa;../fake-data/blob/hipster.txt
15;wedding for;../fake-data/blob/hipster.txt
16;spring;../fake-data/blob/hipster.txt
17;utilized hmph;../fake-data/blob/hipster.txt
18;meh;../fake-data/blob/hipster.txt
19;small however accredit;../fake-data/blob/hipster.txt
20;since;../fake-data/blob/hipster.txt
21;outside even metabolite;../fake-data/blob/hipster.txt
22;probate;../fake-data/blob/hipster.txt
23;dimly next;../fake-data/blob/hipster.txt
24;yippee smoothly;../fake-data/blob/hipster.txt
25;glimmer meh ew;../fake-data/blob/hipster.txt
26;since shallow whose;../fake-data/blob/hipster.txt
27;partridge;../fake-data/blob/hipster.txt
28;gadzooks;../fake-data/blob/hipster.txt
29;who um bad;../fake-data/blob/hipster.txt
30;midst poorly because;../fake-data/blob/hipster.txt
